id,tstamp,windspeed-2,windspeed-1,windspeed0,solarflux-2,solarflux-1,solarflux0
771.0,965761200,10.2899,10.982,11.4363,0.0,0.0,0.0
772.0,965762100,10.982,11.4363,11.653,0.0,0.0,0.0
773.0,965763000,11.4363,11.653,11.6321,0.0,0.0,0.0
774.0,965763900,11.653,11.6321,10.9959,0.0,0.0,0.0
775.0,965764800,11.6321,10.9959,10.3738,0.0,0.0,0.0
776.0,965765700,10.9959,10.3738,9.76563,0.0,0.0,0.0
777.0,965766600,10.3738,9.76563,9.17144,0.0,0.0,0.0
778.0,965767500,9.76563,9.17144,8.19278,0.0,0.0,0.0
779.0,965768400,9.17144,8.19278,7.49374,0.0,0.0,0.0
780.0,965769300,8.19278,7.49374,7.07431,0.0,0.0,0.0
781.0,965770200,7.49374,7.07431,6.9345,0.0,0.0,0.0
782.0,965771100,7.07431,6.9345,7.59859,0.0,0.0,0.0
783.0,965772000,6.9345,7.59859,8.19278,0.0,0.0,0.0
784.0,965772900,7.59859,8.19278,8.71706,0.0,0.0,0.0
785.0,965773800,8.19278,8.71706,9.17144,0.0,0.0,0.0
786.0,965774700,8.71706,9.17144,9.43008,0.0,0.0,0.0
787.0,965775600,9.17144,9.43008,9.70271,0.0,0.0,0.18849
788.0,965776500,9.43008,9.70271,9.98932,0.0,0.18849,0.70973
789.0,965777400,9.70271,9.98932,10.2899,0.18849,0.70973,1.51563
790.0,965778300,9.98932,10.2899,10.7513,0.70973,1.51563,3.23812
791.0,965779200,10.2899,10.7513,11.1288,1.51563,3.23812,4.82398
792.0,965780100,10.7513,11.1288,11.4224,3.23812,4.82398,6.27322
793.0,965781000,11.1288,11.4224,11.6321,4.82398,6.27322,7.58584
794.0,965781900,11.4224,11.6321,11.4224,6.27322,7.58584,8.58638
795.0,965782800,11.6321,11.4224,11.3525,7.58584,8.58638,9.56726
796.0,965783700,11.4224,11.3525,11.4224,8.58638,9.56726,10.5285
797.0,965784600,11.3525,11.4224,11.6321,9.56726,10.5285,11.47
798.0,965785500,11.4224,11.6321,12.7366,10.5285,11.47,11.5494
799.0,965786400,11.6321,12.7366,13.4775,11.47,11.5494,12.1708
800.0,965787300,12.7366,13.4775,13.855,11.5494,12.1708,13.3342
801.0,965788200,13.4775,13.855,13.869,12.1708,13.3342,15.0397
802.0,965789100,13.855,13.869,12.3031,13.3342,15.0397,18.7332
803.0,965790000,13.869,12.3031,11.1847,15.0397,18.7332,22.0049
804.0,965790900,12.3031,11.1847,10.5136,18.7332,22.0049,24.8546
805.0,965791800,11.1847,10.5136,10.2899,22.0049,24.8546,27.2825
806.0,965792700,10.5136,10.2899,11.5202,24.8546,27.2825,26.8632
807.0,965793600,10.2899,11.5202,12.5268,27.2825,26.8632,27.6389
808.0,965794500,11.5202,12.5268,13.3098,26.8632,27.6389,29.6096
809.0,965795400,12.5268,13.3098,13.869,27.6389,29.6096,32.7751
810.0,965796300,13.3098,13.869,14.0787,29.6096,32.7751,39.6408
811.0,965797200,13.869,14.0787,14.1486,32.7751,39.6408,46.0313
812.0,965798100,14.0787,14.1486,14.0787,39.6408,46.0313,51.9466
813.0,965799000,14.1486,14.0787,13.869,46.0313,51.9466,57.3867
814.0,965799900,14.0787,13.869,12.8903,51.9466,57.3867,63.0939
815.0,965800800,13.869,12.8903,12.1913,57.3867,63.0939,67.8312
816.0,965801700,12.8903,12.1913,11.7719,63.0939,67.8312,71.5984
817.0,965802600,12.1913,11.7719,11.6321,67.8312,71.5984,74.3955
818.0,965803500,11.7719,11.6321,12.2962,71.5984,74.3955,75.8012
819.0,965804400,11.6321,12.2962,12.8903,74.3955,75.8012,76.5178
820.0,965805300,12.2962,12.8903,13.4146,75.8012,76.5178,76.5454
821.0,965806200,12.8903,13.4146,13.869,76.5178,76.5454,75.884
822.0,965807100,13.4146,13.869,14.2535,76.5454,75.884,74.0268
823.0,965808000,13.869,14.2535,14.568,75.884,74.0268,71.8184
824.0,965808900,14.2535,14.568,14.8127,74.0268,71.8184,69.2588
825.0,965809800,14.568,14.8127,14.9875,71.8184,69.2588,66.348
826.0,965810700,14.8127,14.9875,15.0923,69.2588,66.348,62.6686
827.0,965811600,14.9875,15.0923,15.1273,66.348,62.6686,58.9163
828.0,965812500,15.0923,15.1273,15.0923,62.6686,58.9163,55.0909
829.0,965813400,15.1273,15.0923,14.9875,58.9163,55.0909,51.1926
830.0,965814300,15.0923,14.9875,14.603,55.0909,51.1926,47.0872
831.0,965815200,14.9875,14.603,14.2884,51.1926,47.0872,42.9983
832.0,965816100,14.603,14.2884,14.0438,47.0872,42.9983,38.9258
833.0,965817000,14.2884,14.0438,13.869,42.9983,38.9258,34.8697
834.0,965817900,14.0438,13.869,14.3094,38.9258,34.8697,30.6089
835.0,965818800,13.869,14.3094,14.4562,34.8697,30.6089,26.5121
836.0,965819700,14.3094,14.4562,14.3094,30.6089,26.5121,22.5792
837.0,965820600,14.4562,14.3094,13.869,26.5121,22.5792,18.8104
838.0,965821500,14.3094,13.869,12.4639,22.5792,18.8104,14.6437
839.0,965822400,13.869,12.4639,11.2126,18.8104,14.6437,11.0156
840.0,965823300,12.4639,11.2126,10.1151,14.6437,11.0156,7.92606
841.0,965824200,11.2126,10.1151,9.17144,11.0156,7.92606,5.37514
842.0,965825100,10.1151,9.17144,8.29764,7.92606,5.37514,3.77131
843.0,965826000,9.17144,8.29764,7.63355,5.37514,3.77131,2.43374
844.0,965826900,8.29764,7.63355,7.17917,3.77131,2.43374,1.36245
845.0,965827800,7.63355,7.17917,6.9345,2.43374,1.36245,0.55742
846.0,965828700,7.17917,6.9345,7.21412,1.36245,0.55742,0.36581
847.0,965829600,6.9345,7.21412,7.49374,0.55742,0.36581,0.20903
848.0,965830500,7.21412,7.49374,7.77335,0.36581,0.20903,0.0871
849.0,965831400,7.49374,7.77335,8.05297,0.20903,0.0871,0.0
850.0,965832300,7.77335,8.05297,8.75201,0.0871,0.0,0.0
851.0,965833200,8.05297,8.75201,9.17144,0.0,0.0,0.0
852.0,965834100,8.75201,9.17144,9.31125,0.0,0.0,0.0
853.0,965835000,9.17144,9.31125,9.17144,0.0,0.0,0.0
854.0,965835900,9.31125,9.17144,7.91316,0.0,0.0,0.0
855.0,965836800,9.17144,7.91316,6.9345,0.0,0.0,0.0
856.0,965837700,7.91316,6.9345,6.23546,0.0,0.0,0.0
857.0,965838600,6.9345,6.23546,5.81603,0.0,0.0,0.0
858.0,965839500,6.23546,5.81603,6.30536,0.0,0.0,0.0
859.0,965840400,5.81603,6.30536,6.65489,0.0,0.0,0.0
860.0,965841300,6.30536,6.65489,6.8646,0.0,0.0,0.0
861.0,965842200,6.65489,6.8646,6.9345,0.0,0.0,0.0
862.0,965843100,6.8646,6.9345,6.65489,0.0,0.0,0.0
863.0,965844000,6.9345,6.65489,6.37527,0.0,0.0,0.0
864.0,965844900,6.65489,6.37527,6.09565,0.0,0.0,0.0
865.0,965845800,6.37527,6.09565,5.81603,0.0,0.0,0.0
866.0,965846700,6.09565,5.81603,5.3267,0.0,0.0,0.0
867.0,965847600,5.81603,5.3267,4.97718,0.0,0.0,0.0
868.0,965848500,5.3267,4.97718,4.76747,0.0,0.0,0.0
869.0,965849400,4.97718,4.76747,4.69757,0.0,0.0,0.0
870.0,965850300,4.76747,4.69757,5.1869,0.0,0.0,0.0
871.0,965851200,4.69757,5.1869,5.53642,0.0,0.0,0.0
872.0,965852100,5.1869,5.53642,5.74613,0.0,0.0,0.0
873.0,965853000,5.53642,5.74613,5.81603,0.0,0.0,0.0
874.0,965853900,5.74613,5.81603,5.22185,0.0,0.0,0.0
875.0,965854800,5.81603,5.22185,4.83737,0.0,0.0,0.0
876.0,965855700,5.22185,4.83737,4.66261,0.0,0.0,0.0
877.0,965856600,4.83737,4.66261,4.69757,0.0,0.0,0.0
878.0,965857500,4.66261,4.69757,5.36166,0.0,0.0,0.0
879.0,965858400,4.69757,5.36166,5.95584,0.0,0.0,0.0
880.0,965859300,5.36166,5.95584,6.48012,0.0,0.0,0.0
881.0,965860200,5.95584,6.48012,6.9345,0.0,0.0,0.0
882.0,965861100,6.48012,6.9345,7.42383,0.0,0.0,0.36395
883.0,965862000,6.9345,7.42383,7.77335,0.0,0.36395,0.90808
884.0,965862900,7.42383,7.77335,7.98307,0.36395,0.90808,1.6324
885.0,965863800,7.77335,7.98307,8.05297,0.90808,1.6324,2.53692
886.0,965864700,7.98307,8.05297,7.56364,1.6324,2.53692,3.43098
887.0,965865600,8.05297,7.56364,7.21412,2.53692,3.43098,4.63232
888.0,965866500,7.56364,7.21412,7.00441,3.43098,4.63232,6.14095
889.0,965867400,7.21412,7.00441,6.9345,4.63232,6.14095,7.95685
890.0,965868300,7.00441,6.9345,6.98344,6.14095,7.95685,10.9385
891.0,965869200,6.9345,6.98344,7.18616,7.95685,10.9385,13.6552
892.0,965870100,6.98344,7.18616,7.54267,10.9385,13.6552,16.1068
893.0,965871000,7.18616,7.54267,8.05297,13.6552,16.1068,18.2933
894.0,965871900,7.54267,8.05297,9.72368,16.1068,18.2933,19.0434
895.0,965872800,8.05297,9.72368,10.8771,18.2933,19.0434,20.3093
896.0,965873700,9.72368,10.8771,11.5132,19.0434,20.3093,22.0911
897.0,965874600,10.8771,11.5132,11.6321,20.3093,22.0911,24.3887
898.0,965875500,11.5132,11.6321,9.80757,22.0911,24.3887,28.2166
899.0,965876400,11.6321,9.80757,8.41647,24.3887,28.2166,31.8839
900.0,965877300,9.80757,8.41647,7.45878,28.2166,31.8839,35.3909
901.0,965878200,8.41647,7.45878,6.9345,31.8839,35.3909,38.7374
902.0,965879100,7.45878,6.9345,7.59859,35.3909,38.7374,40.5728
903.0,965880000,6.9345,7.59859,8.19278,38.7374,40.5728,43.1482
904.0,965880900,7.59859,8.19278,8.71706,40.5728,43.1482,46.4635
905.0,965881800,8.19278,8.71706,9.17144,43.1482,46.4635,50.5187
906.0,965882700,8.71706,9.17144,9.76563,46.4635,50.5187,58.0606
907.0,965883600,9.17144,9.76563,10.1501,50.5187,58.0606,64.5112
908.0,965884500,9.76563,10.1501,10.3249,58.0606,64.5112,69.8706
909.0,965885400,10.1501,10.3249,10.2899,64.5112,69.8706,74.1387
910.0,965886300,10.3249,10.2899,9.4161,69.8706,74.1387,76.6218
911.0,965887200,10.2899,9.4161,8.75201,74.1387,76.6218,78.4762
912.0,965888100,9.4161,8.75201,8.29764,76.6218,78.4762,79.7016
913.0,965889000,8.75201,8.29764,8.05297,78.4762,79.7016,80.2982
914.0,965889900,8.29764,8.05297,8.5423,79.7016,80.2982,80.5956
915.0,965890800,8.05297,8.5423,8.89182,80.2982,80.5956,80.0443
916.0,965891700,8.5423,8.89182,9.10153,80.5956,80.0443,78.6444
917.0,965892600,8.89182,9.10153,9.17144,80.0443,78.6444,76.3959
918.0,965893500,9.10153,9.17144,8.45142,78.6444,76.3959,71.1542
919.0,965894400,9.17144,8.45142,8.02501,76.3959,71.1542,66.4935
920.0,965895300,8.45142,8.02501,7.89219,71.1542,66.4935,62.4139
921.0,965896200,8.02501,7.89219,8.05297,66.4935,62.4139,58.9152
922.0,965897100,7.89219,8.05297,10.0592,62.4139,58.9152,57.9879
923.0,965898000,8.05297,10.0592,11.3245,58.9152,57.9879,56.3146
924.0,965898900,10.0592,11.3245,11.8488,57.9879,56.3146,53.8956
925.0,965899800,11.3245,11.8488,11.6321,56.3146,53.8956,50.7306
926.0,965900700,11.8488,11.6321,8.34657,53.8956,50.7306,45.0923
927.0,965901600,11.6321,8.34657,5.87196,50.7306,45.0923,39.8598
928.0,965902500,8.34657,5.87196,4.20824,45.0923,39.8598,35.0331
929.0,965903400,5.87196,4.20824,3.3554,39.8598,35.0331,30.6123
930.0,965904300,4.20824,3.3554,5.07505,35.0331,30.6123,27.0454
931.0,965905200,3.3554,5.07505,6.43119,30.6123,27.0454,23.5855
932.0,965906100,5.07505,6.43119,7.42383,27.0454,23.5855,20.2328
933.0,965907000,6.43119,7.42383,8.05297,23.5855,20.2328,16.9872
934.0,965907900,7.42383,8.05297,7.6685,20.2328,16.9872,13.3686
935.0,965908800,8.05297,7.6685,7.35393,16.9872,13.3686,10.1771
936.0,965909700,7.6685,7.35393,7.10926,13.3686,10.1771,7.4129
937.0,965910600,7.35393,7.10926,6.9345,10.1771,7.4129,5.07588
938.0,965911500,7.10926,6.9345,7.03936,7.4129,5.07588,3.33105
939.0,965912400,6.9345,7.03936,7.07431,5.07588,3.33105,1.90346
940.0,965913300,7.03936,7.07431,7.03936,3.33105,1.90346,0.79311
941.0,965914200,7.07431,7.03936,6.9345,1.90346,0.79311,0.0
942.0,965915100,7.03936,6.9345,6.44517,0.79311,0.0,0.0
943.0,965916000,6.9345,6.44517,6.09565,0.0,0.0,0.0
944.0,965916900,6.44517,6.09565,5.88594,0.0,0.0,0.0
945.0,965917800,6.09565,5.88594,5.81603,0.0,0.0,0.0
946.0,965918700,5.88594,5.81603,6.53605,0.0,0.0,0.0
947.0,965919600,5.81603,6.53605,6.96246,0.0,0.0,0.0
948.0,965920500,6.53605,6.96246,7.09528,0.0,0.0,0.0
949.0,965921400,6.96246,7.09528,6.9345,0.0,0.0,0.0
950.0,965922300,7.09528,6.9345,5.4735,0.0,0.0,0.0
951.0,965923200,6.9345,5.4735,4.38999,0.0,0.0,0.0
952.0,965924100,5.4735,4.38999,3.68395,0.0,0.0,0.0
953.0,965925000,4.38999,3.68395,3.3554,0.0,0.0,0.0
954.0,965925900,3.68395,3.3554,4.3061,0.0,0.0,0.0
955.0,965926800,3.3554,4.3061,5.03311,0.0,0.0,0.0
956.0,965927700,4.3061,5.03311,5.53642,0.0,0.0,0.0
957.0,965928600,5.03311,5.53642,5.81603,0.0,0.0,0.0
958.0,965929500,5.53642,5.81603,5.87196,0.0,0.0,0.0
959.0,965930400,5.81603,5.87196,5.70419,0.0,0.0,0.0
960.0,965931300,5.87196,5.70419,5.31272,0.0,0.0,0.0
961.0,965932200,5.70419,5.31272,4.69757,0.0,0.0,0.0
962.0,965933100,5.31272,4.69757,2.76821,0.0,0.0,0.0
963.0,965934000,4.69757,2.76821,1.34216,0.0,0.0,0.0
964.0,965934900,2.76821,1.34216,0.41943,0.0,0.0,0.0
965.0,965935800,1.34216,0.41943,0.0,0.0,0.0,0.0
966.0,965936700,0.41943,0.0,0.92274,0.0,0.0,0.0
967.0,965937600,0.0,0.92274,1.78955,0.0,0.0,0.0
968.0,965938500,0.92274,1.78955,2.60044,0.0,0.0,0.0
969.0,965939400,1.78955,2.60044,3.3554,0.0,0.0,0.0
970.0,965940300,2.60044,3.3554,4.20125,0.0,0.0,0.0
971.0,965941200,3.3554,4.20125,4.8933,0.0,0.0,0.0
972.0,965942100,4.20125,4.8933,5.43156,0.0,0.0,0.0
973.0,965943000,4.8933,5.43156,5.81603,0.0,0.0,0.0
974.0,965943900,5.43156,5.81603,5.60632,0.0,0.0,0.0
975.0,965944800,5.81603,5.60632,5.53642,0.0,0.0,0.0
976.0,965945700,5.60632,5.53642,5.60632,0.0,0.0,0.0
977.0,965946600,5.53642,5.60632,5.81603,0.0,0.0,0.0
978.0,965947500,5.60632,5.81603,6.79469,0.0,0.0,0.05413
979.0,965948400,5.81603,6.79469,7.49374,0.0,0.05413,0.63589
980.0,965949300,6.79469,7.49374,7.91316,0.05413,0.63589,1.74527
981.0,965950200,7.49374,7.91316,8.05297,0.63589,1.74527,3.38228
982.0,965951100,7.91316,8.05297,7.28402,1.74527,3.38228,5.52907
983.0,965952000,8.05297,7.28402,6.65489,3.38228,5.52907,8.21538
984.0,965952900,7.28402,6.65489,6.16556,5.52907,8.21538,11.4412
985.0,965953800,6.65489,6.16556,5.81603,8.21538,11.4412,15.2065
986.0,965954700,6.16556,5.81603,5.92089,11.4412,15.2065,20.7808
987.0,965955600,5.81603,5.92089,5.95584,15.2065,20.7808,26.0483
988.0,965956500,5.92089,5.95584,5.92089,20.7808,26.0483,31.009
989.0,965957400,5.95584,5.92089,5.81603,26.0483,31.009,35.663
990.0,965958300,5.92089,5.81603,5.11699,31.009,35.663,39.8171
991.0,965959200,5.81603,5.11699,4.69757,35.663,39.8171,43.7932
992.0,965960100,5.11699,4.69757,4.55776,39.8171,43.7932,47.591
993.0,965961000,4.69757,4.55776,4.69757,43.7932,47.591,51.2106
994.0,965961900,4.55776,4.69757,5.95584,47.591,51.2106,54.8416
995.0,965962800,4.69757,5.95584,6.9345,51.2106,54.8416,58.168
996.0,965963700,5.95584,6.9345,7.63355,54.8416,58.168,61.1899
997.0,965964600,6.9345,7.63355,8.05297,58.168,61.1899,63.9074
998.0,965965500,7.63355,8.05297,7.45878,61.1899,63.9074,66.1616
999.0,965966400,8.05297,7.45878,7.07431,63.9074,66.1616,68.2172
1000.0,965967300,7.45878,7.07431,6.89955,66.1616,68.2172,70.0742
1001.0,965968200,7.07431,6.89955,6.9345,68.2172,70.0742,71.7326
1002.0,965969100,6.89955,6.9345,7.59859,70.0742,71.7326,73.0883
1003.0,965970000,6.9345,7.59859,8.19278,71.7326,73.0883,74.3148
1004.0,965970900,7.59859,8.19278,8.71706,73.0883,74.3148,75.4121
1005.0,965971800,8.19278,8.71706,9.17144,74.3148,75.4121,76.3801
1006.0,965972700,8.71706,9.17144,9.43008,75.4121,76.3801,77.7144
1007.0,965973600,9.17144,9.43008,9.70271,76.3801,77.7144,78.5891
1008.0,965974500,9.43008,9.70271,9.98932,77.7144,78.5891,79.0044
1009.0,965975400,9.70271,9.98932,10.2899,78.5891,79.0044,78.9602
1010.0,965976300,9.98932,10.2899,10.7513,79.0044,78.9602,78.2114
1011.0,965977200,10.2899,10.7513,11.1288,78.9602,78.2114,77.1666
1012.0,965978100,10.7513,11.1288,11.4224,78.2114,77.1666,75.8257
1013.0,965979000,11.1288,11.4224,11.6321,77.1666,75.8257,74.1889
1014.0,965979900,11.4224,11.6321,11.8628,75.8257,74.1889,72.2263
1015.0,965980800,11.6321,11.8628,11.9396,74.1889,72.2263,69.9875
1016.0,965981700,11.8628,11.9396,11.8628,72.2263,69.9875,67.4725
1017.0,965982600,11.9396,11.8628,11.6321,69.9875,67.4725,64.6813
1018.0,965983500,11.8628,11.6321,10.7862,67.4725,64.6813,61.3606
1019.0,965984400,11.6321,10.7862,10.0942,64.6813,61.3606,57.9326
1020.0,965985300,10.7862,10.0942,9.55591,61.3606,57.9326,54.3974
1021.0,965986200,10.0942,9.55591,9.17144,57.9326,54.3974,50.7549
1022.0,965987100,9.55591,9.17144,9.06658,54.3974,50.7549,46.9371
1023.0,965988000,9.17144,9.06658,9.03163,50.7549,46.9371,43.0575
1024.0,965988900,9.06658,9.03163,9.06658,46.9371,43.0575,39.116
1025.0,965989800,9.03163,9.06658,9.17144,43.0575,39.116,35.1127
1026.0,965990700,9.06658,9.17144,9.55591,39.116,35.1127,30.5759
1027.0,965991600,9.17144,9.55591,9.87048,35.1127,30.5759,26.2916
1028.0,965992500,9.55591,9.87048,10.1151,30.5759,26.2916,22.2599
1029.0,965993400,9.87048,10.1151,10.2899,26.2916,22.2599,18.4808
1030.0,965994300,10.1151,10.2899,10.4996,22.2599,18.4808,14.6265
1031.0,965995200,10.2899,10.4996,10.5695,18.4808,14.6265,11.2432
1032.0,965996100,10.4996,10.5695,10.4996,14.6265,11.2432,8.33098
1033.0,965997000,10.5695,10.4996,10.2899,11.2432,8.33098,5.88986
1034.0,965997900,10.4996,10.2899,9.08056,8.33098,5.88986,4.23103
1035.0,965998800,10.2899,9.08056,8.30463,5.88986,4.23103,2.83579
1036.0,965999700,9.08056,8.30463,7.9621,4.23103,2.83579,1.70416
1037.0,966000600,8.30463,7.9621,8.05297,2.83579,1.70416,0.83613
1038.0,966001500,7.9621,8.05297,9.77262,1.70416,0.83613,0.54871
1039.0,966002400,8.05297,9.77262,11.1288,0.83613,0.54871,0.31355
1040.0,966003300,9.77262,11.1288,12.1214,0.54871,0.31355,0.13065
1041.0,966004200,11.1288,12.1214,12.7505,0.31355,0.13065,0.0
1042.0,966005100,12.1214,12.7505,12.4919,0.13065,0.0,0.0
1043.0,966006000,12.7505,12.4919,12.2193,0.0,0.0,0.0
1044.0,966006900,12.4919,12.2193,11.9327,0.0,0.0,0.0
1045.0,966007800,12.2193,11.9327,11.6321,0.0,0.0,0.0
1046.0,966008700,11.9327,11.6321,11.0449,0.0,0.0,0.0
1047.0,966009600,11.6321,11.0449,10.6254,0.0,0.0,0.0
1048.0,966010500,11.0449,10.6254,10.3738,0.0,0.0,0.0
1049.0,966011400,10.6254,10.3738,10.2899,0.0,0.0,0.0
1050.0,966012300,10.3738,10.2899,10.982,0.0,0.0,0.0
1051.0,966013200,10.2899,10.982,11.4363,0.0,0.0,0.0
1052.0,966014100,10.982,11.4363,11.653,0.0,0.0,0.0
1053.0,966015000,11.4363,11.653,11.6321,0.0,0.0,0.0
1054.0,966015900,11.653,11.6321,10.7862,0.0,0.0,0.0
1055.0,966016800,11.6321,10.7862,10.0942,0.0,0.0,0.0
1056.0,966017700,10.7862,10.0942,9.55591,0.0,0.0,0.0
1057.0,966018600,10.0942,9.55591,9.17144,0.0,0.0,0.0
1058.0,966019500,9.55591,9.17144,9.48601,0.0,0.0,0.0
1059.0,966020400,9.17144,9.48601,9.59086,0.0,0.0,0.0
1060.0,966021300,9.48601,9.59086,9.48601,0.0,0.0,0.0
1061.0,966022200,9.59086,9.48601,9.17144,0.0,0.0,0.0
1062.0,966023100,9.48601,9.17144,8.01802,0.0,0.0,0.0
1063.0,966024000,9.17144,8.01802,7.07431,0.0,0.0,0.0
1064.0,966024900,8.01802,7.07431,6.34032,0.0,0.0,0.0
1065.0,966025800,7.07431,6.34032,5.81603,0.0,0.0,0.0
1066.0,966026700,6.34032,5.81603,5.92089,0.0,0.0,0.0
1067.0,966027600,5.81603,5.92089,5.95584,0.0,0.0,0.0
1068.0,966028500,5.92089,5.95584,5.92089,0.0,0.0,0.0
1069.0,966029400,5.95584,5.92089,5.81603,0.0,0.0,0.0
1070.0,966030300,5.92089,5.81603,5.3267,0.0,0.0,0.0
1071.0,966031200,5.81603,5.3267,4.97718,0.0,0.0,0.0
1072.0,966032100,5.3267,4.97718,4.76747,0.0,0.0,0.0
1073.0,966033000,4.97718,4.76747,4.69757,0.0,0.0,0.0
1074.0,966033900,4.76747,4.69757,5.1869,0.0,0.0,0.0
1075.0,966034800,4.69757,5.1869,5.53642,0.0,0.0,0.0
1076.0,966035700,5.1869,5.53642,5.74613,0.0,0.0,0.57065
1077.0,966036600,5.53642,5.74613,5.81603,0.0,0.57065,1.99659
1078.0,966037500,5.74613,5.81603,5.11699,0.57065,1.99659,5.31953
1079.0,966038400,5.81603,5.11699,4.69757,1.99659,5.31953,8.40758
1080.0,966039300,5.11699,4.69757,4.55776,5.31953,8.40758,11.2607
1081.0,966040200,4.69757,4.55776,4.69757,8.40758,11.2607,13.879
1082.0,966041100,4.55776,4.69757,5.95584,11.2607,13.879,15.548
1083.0,966042000,4.69757,5.95584,6.9345,13.879,15.548,17.4584
1084.0,966042900,5.95584,6.9345,7.63355,15.548,17.4584,19.6101
1085.0,966043800,6.9345,7.63355,8.05297,17.4584,19.6101,22.0031
1086.0,966044700,7.63355,8.05297,7.6685,19.6101,22.0031,26.7842
1087.0,966045600,8.05297,7.6685,7.35393,22.0031,26.7842,30.3754
1088.0,966046500,7.6685,7.35393,7.10926,26.7842,30.3754,32.7768
1089.0,966047400,7.35393,7.10926,6.9345,30.3754,32.7768,33.9882
1090.0,966048300,7.10926,6.9345,6.9345,32.7768,33.9882,30.2239
1091.0,966049200,6.9345,6.9345,6.9345,33.9882,30.2239,27.7936
1092.0,966050100,6.9345,6.9345,6.9345,30.2239,27.7936,26.6974
1093.0,966051000,6.9345,6.9345,6.9345,27.7936,26.6974,26.9353
1094.0,966051900,6.9345,6.9345,6.82965,26.6974,26.9353,28.8791
1095.0,966052800,6.9345,6.82965,6.79469,26.9353,28.8791,31.9091
1096.0,966053700,6.82965,6.79469,6.82965,28.8791,31.9091,36.0252
1097.0,966054600,6.79469,6.82965,6.9345,31.9091,36.0252,41.2276
1098.0,966055500,6.82965,6.9345,7.52869,36.0252,41.2276,52.0902
1099.0,966056400,6.9345,7.52869,7.91316,41.2276,52.0902,60.9896
1100.0,966057300,7.52869,7.91316,8.08792,52.0902,60.9896,67.9258
1101.0,966058200,7.91316,8.08792,8.05297,60.9896,67.9258,72.8987
1102.0,966059100,8.08792,8.05297,6.73877,67.9258,72.8987,76.3675
1103.0,966060000,8.05297,6.73877,5.92788,72.8987,76.3675,77.567
1104.0,966060900,6.73877,5.92788,5.6203,76.3675,77.567,76.4972
1105.0,966061800,5.92788,5.6203,5.81603,77.567,76.4972,73.1581
1106.0,966062700,5.6203,5.81603,7.94112,76.4972,73.1581,60.5939
1107.0,966063600,5.81603,7.94112,9.61883,73.1581,60.5939,50.3976
1108.0,966064500,7.94112,9.61883,10.8491,60.5939,50.3976,42.5691
1109.0,966065400,9.61883,10.8491,11.6321,50.3976,42.5691,37.1086
1110.0,966066300,10.8491,11.6321,11.0449,42.5691,37.1086,38.5738
1111.0,966067200,11.6321,11.0449,10.6254,37.1086,38.5738,39.3683
1112.0,966068100,11.0449,10.6254,10.3738,38.5738,39.3683,39.4922
1113.0,966069000,10.6254,10.3738,10.2899,39.3683,39.4922,38.9453
1114.0,966069900,10.3738,10.2899,10.6464,39.4922,38.9453,36.7557
1115.0,966070800,10.2899,10.6464,10.9889,38.9453,36.7557,34.5434
1116.0,966071700,10.6464,10.9889,11.3175,36.7557,34.5434,32.3085
1117.0,966072600,10.9889,11.3175,11.6321,34.5434,32.3085,30.051
1118.0,966073500,11.3175,11.6321,12.3521,32.3085,30.051,27.4364
1119.0,966074400,11.6321,12.3521,12.7785,30.051,27.4364,25.0221
1120.0,966075300,12.3521,12.7785,12.9113,27.4364,25.0221,22.808
1121.0,966076200,12.7785,12.9113,12.7505,25.0221,22.808,20.7941
1122.0,966077100,12.9113,12.7505,11.5202,22.808,20.7941,19.534
1123.0,966078000,12.7505,11.5202,10.5136,20.7941,19.534,18.105
1124.0,966078900,11.5202,10.5136,9.73067,19.534,18.105,16.5073
1125.0,966079800,10.5136,9.73067,9.17144,18.105,16.5073,14.7408
1126.0,966080700,9.73067,9.17144,9.17144,16.5073,14.7408,12.2493
1127.0,966081600,9.17144,9.17144,9.17144,14.7408,12.2493,9.95983
1128.0,966082500,9.17144,9.17144,9.17144,12.2493,9.95983,7.87232
1129.0,966083400,9.17144,9.17144,9.17144,9.95983,7.87232,5.9868
1130.0,966084300,9.17144,9.17144,8.94075,7.87232,5.9868,4.13206
1131.0,966085200,9.17144,8.94075,8.86386,5.9868,4.13206,2.59344
1132.0,966086100,8.94075,8.86386,8.94075,4.13206,2.59344,1.37092
1133.0,966087000,8.86386,8.94075,9.17144,2.59344,1.37092,0.46452
1134.0,966087900,8.94075,9.17144,10.1431,1.37092,0.46452,0.30484
1135.0,966088800,9.17144,10.1431,10.8771,0.46452,0.30484,0.17419
1136.0,966089700,10.1431,10.8771,11.3734,0.30484,0.17419,0.07258
1137.0,966090600,10.8771,11.3734,11.6321,0.17419,0.07258,0.0
1138.0,966091500,11.3734,11.6321,11.0449,0.07258,0.0,0.0
1139.0,966092400,11.6321,11.0449,10.6254,0.0,0.0,0.0
1140.0,966093300,11.0449,10.6254,10.3738,0.0,0.0,0.0
1141.0,966094200,10.6254,10.3738,10.2899,0.0,0.0,0.0
1142.0,966095100,10.3738,10.2899,10.8771,0.0,0.0,0.0
1143.0,966096000,10.2899,10.8771,11.2965,0.0,0.0,0.0
1144.0,966096900,10.8771,11.2965,11.5482,0.0,0.0,0.0
1145.0,966097800,11.2965,11.5482,11.6321,0.0,0.0,0.0
1146.0,966098700,11.5482,11.6321,11.5901,0.0,0.0,0.0
1147.0,966099600,11.6321,11.5901,11.3525,0.0,0.0,0.0
1148.0,966100500,11.5901,11.3525,10.919,0.0,0.0,0.0
1149.0,966101400,11.3525,10.919,10.2899,0.0,0.0,0.0
1150.0,966102300,10.919,10.2899,8.64716,0.0,0.0,0.0
1151.0,966103200,10.2899,8.64716,7.35393,0.0,0.0,0.0
1152.0,966104100,8.64716,7.35393,6.41022,0.0,0.0,0.0
1153.0,966105000,7.35393,6.41022,5.81603,0.0,0.0,0.0
1154.0,966105900,6.41022,5.81603,6.41022,0.0,0.0,0.0
1155.0,966106800,5.81603,6.41022,6.79469,0.0,0.0,0.0
1156.0,966107700,6.41022,6.79469,6.96945,0.0,0.0,0.0
1157.0,966108600,6.79469,6.96945,6.9345,0.0,0.0,0.0
1158.0,966109500,6.96945,6.9345,6.0607,0.0,0.0,0.0
1159.0,966110400,6.9345,6.0607,5.39661,0.0,0.0,0.0
1160.0,966111300,6.0607,5.39661,4.94223,0.0,0.0,0.0
1161.0,966112200,5.39661,4.94223,4.69757,0.0,0.0,0.0
1162.0,966113100,4.94223,4.69757,5.08204,0.0,0.0,0.0
1163.0,966114000,4.69757,5.08204,5.39661,0.0,0.0,0.0
1164.0,966114900,5.08204,5.39661,5.64127,0.0,0.0,0.0
1165.0,966115800,5.39661,5.64127,5.81603,0.0,0.0,0.0
1166.0,966116700,5.64127,5.81603,5.81603,0.0,0.0,0.0
1167.0,966117600,5.81603,5.81603,5.81603,0.0,0.0,0.0
1168.0,966118500,5.81603,5.81603,5.81603,0.0,0.0,0.0
1169.0,966119400,5.81603,5.81603,5.81603,0.0,0.0,0.0
1170.0,966120300,5.81603,5.81603,5.60632,0.0,0.0,0.0
1171.0,966121200,5.81603,5.60632,5.53642,0.0,0.0,0.0
1172.0,966122100,5.60632,5.53642,5.60632,0.0,0.0,1.07462
1173.0,966123000,5.53642,5.60632,5.81603,0.0,1.07462,2.92053
1174.0,966123900,5.60632,5.81603,6.58498,1.07462,2.92053,8.03708
1175.0,966124800,5.81603,6.58498,7.21412,2.92053,8.03708,12.213
1176.0,966125700,6.58498,7.21412,7.70345,8.03708,12.213,15.4482
1177.0,966126600,7.21412,7.70345,8.05297,12.213,15.4482,17.7428
1178.0,966127500,7.70345,8.05297,8.05297,15.4482,17.7428,14.2965
1179.0,966128400,8.05297,8.05297,8.05297,17.7428,14.2965,13.1096
1180.0,966129300,8.05297,8.05297,8.05297,14.2965,13.1096,14.1823
1181.0,966130200,8.05297,8.05297,8.05297,13.1096,14.1823,17.5144
1182.0,966131100,8.05297,8.05297,7.84326,14.1823,17.5144,29.0971
1183.0,966132000,8.05297,7.84326,7.77335,17.5144,29.0971,38.9452
1184.0,966132900,7.84326,7.77335,7.84326,29.0971,38.9452,47.0587
1185.0,966133800,7.77335,7.84326,8.05297,38.9452,47.0587,53.4376
1186.0,966134700,7.84326,8.05297,8.69609,47.0587,53.4376,55.5639
1187.0,966135600,8.05297,8.69609,9.28329,53.4376,55.5639,57.6343
1188.0,966136500,8.69609,9.28329,9.81456,55.5639,57.6343,59.6489
1189.0,966137400,9.28329,9.81456,10.2899,57.6343,59.6489,61.6078
1190.0,966138300,9.81456,10.2899,10.6464,59.6489,61.6078,64.293
1191.0,966139200,10.2899,10.6464,10.9889,61.6078,64.293,66.4009
1192.0,966140100,10.6464,10.9889,11.3175,64.293,66.4009,67.9317
1193.0,966141000,10.9889,11.3175,11.6321,66.4009,67.9317,68.8852
1194.0,966141900,11.3175,11.6321,12.1214,67.9317,68.8852,68.4006
1195.0,966142800,11.6321,12.1214,12.4709,68.8852,68.4006,67.9126
1196.0,966143700,12.1214,12.4709,12.6806,68.4006,67.9126,67.4214
1197.0,966144600,12.4709,12.6806,12.7505,67.9126,67.4214,66.9268
1198.0,966145500,12.6806,12.7505,12.4919,67.4214,66.9268,65.9358
1199.0,966146400,12.7505,12.4919,12.2193,66.9268,65.9358,65.2702
1200.0,966147300,12.4919,12.2193,11.9327,65.9358,65.2702,64.9299
1201.0,966148200,12.2193,11.9327,11.6321,65.2702,64.9299,64.915
1202.0,966149100,11.9327,11.6321,11.2756,64.9299,64.915,68.5248
1203.0,966150000,11.6321,11.2756,10.933,64.915,68.5248,70.2603
1204.0,966150900,11.2756,10.933,10.6045,68.5248,70.2603,70.1216
1205.0,966151800,10.933,10.6045,10.2899,70.2603,70.1216,68.1087
1206.0,966152700,10.6045,10.2899,9.56989,70.1216,68.1087,58.7379
1207.0,966153600,10.2899,9.56989,9.14348,68.1087,58.7379,51.1486
1208.0,966154500,9.56989,9.14348,9.01066,58.7379,51.1486,45.3409
1209.0,966155400,9.14348,9.01066,9.17144,51.1486,45.3409,41.3148
1210.0,966156300,9.01066,9.17144,10.7373,45.3409,41.3148,42.9465
1211.0,966157200,9.17144,10.7373,11.8558,41.3148,42.9465,43.7756
1212.0,966158100,10.7373,11.8558,12.5268,42.9465,43.7756,43.8022
1213.0,966159000,11.8558,12.5268,12.7505,43.7756,43.8022,43.0264
1214.0,966159900,12.5268,12.7505,11.5202,43.8022,43.0264,40.9177
1215.0,966160800,12.7505,11.5202,10.5136,43.0264,40.9177,38.3601
1216.0,966161700,11.5202,10.5136,9.73067,40.9177,38.3601,35.3535
1217.0,966162600,10.5136,9.73067,9.17144,38.3601,35.3535,31.898
1218.0,966163500,9.73067,9.17144,9.2763,35.3535,31.898,26.3758
1219.0,966164400,9.17144,9.2763,9.31125,31.898,26.3758,21.4831
1220.0,966165300,9.2763,9.31125,9.2763,26.3758,21.4831,17.22
1221.0,966166200,9.31125,9.2763,9.17144,21.4831,17.22,13.5864
1222.0,966167100,9.2763,9.17144,8.99668,17.22,13.5864,11.2118
1223.0,966168000,9.17144,8.99668,8.75201,13.5864,11.2118,9.04709
1224.0,966168900,8.99668,8.75201,8.43744,11.2118,9.04709,7.09216
1225.0,966169800,8.75201,8.43744,8.05297,9.04709,7.09216,5.34703
1226.0,966170700,8.43744,8.05297,7.17917,7.09216,5.34703,3.71221
1227.0,966171600,8.05297,7.17917,6.51508,5.34703,3.71221,2.35352
1228.0,966172500,7.17917,6.51508,6.0607,3.71221,2.35352,1.27096
1229.0,966173400,6.51508,6.0607,5.81603,2.35352,1.27096,0.46452
1230.0,966174300,6.0607,5.81603,6.30536,1.27096,0.46452,0.30484
1231.0,966175200,5.81603,6.30536,6.65489,0.46452,0.30484,0.17419
1232.0,966176100,6.30536,6.65489,6.8646,0.30484,0.17419,0.07258
1233.0,966177000,6.65489,6.8646,6.9345,0.17419,0.07258,0.0
1234.0,966177900,6.8646,6.9345,6.65489,0.07258,0.0,0.0
1235.0,966178800,6.9345,6.65489,6.37527,0.0,0.0,0.0
1236.0,966179700,6.65489,6.37527,6.09565,0.0,0.0,0.0
1237.0,966180600,6.37527,6.09565,5.81603,0.0,0.0,0.0
1238.0,966181500,6.09565,5.81603,5.22185,0.0,0.0,0.0
1239.0,966182400,5.81603,5.22185,4.83737,0.0,0.0,0.0
1240.0,966183300,5.22185,4.83737,4.66261,0.0,0.0,0.0
1241.0,966184200,4.83737,4.66261,4.69757,0.0,0.0,0.0
1242.0,966185100,4.66261,4.69757,5.57137,0.0,0.0,0.0
1243.0,966186000,4.69757,5.57137,6.23546,0.0,0.0,0.0
1244.0,966186900,5.57137,6.23546,6.68984,0.0,0.0,0.0
1245.0,966187800,6.23546,6.68984,6.9345,0.0,0.0,0.0
1246.0,966188700,6.68984,6.9345,6.78071,0.0,0.0,0.0
1247.0,966189600,6.9345,6.78071,6.54304,0.0,0.0,0.0
1248.0,966190500,6.78071,6.54304,6.22148,0.0,0.0,0.0
1249.0,966191400,6.54304,6.22148,5.81603,0.0,0.0,0.0
1250.0,966192300,6.22148,5.81603,4.63465,0.0,0.0,0.0
1251.0,966193200,5.81603,4.63465,3.83075,0.0,0.0,0.0
1252.0,966194100,4.63465,3.83075,3.40434,0.0,0.0,0.0
1253.0,966195000,3.83075,3.40434,3.3554,0.0,0.0,0.0
1254.0,966195900,3.40434,3.3554,4.69058,0.0,0.0,0.0
1255.0,966196800,3.3554,4.69058,5.73215,0.0,0.0,0.0
1256.0,966197700,4.69058,5.73215,6.48012,0.0,0.0,0.0
1257.0,966198600,5.73215,6.48012,6.9345,0.0,0.0,0.0
1258.0,966199500,6.48012,6.9345,6.55003,0.0,0.0,0.0
1259.0,966200400,6.9345,6.55003,6.23546,0.0,0.0,0.0
1260.0,966201300,6.55003,6.23546,5.9908,0.0,0.0,0.0
1261.0,966202200,6.23546,5.9908,5.81603,0.0,0.0,0.0
1262.0,966203100,5.9908,5.81603,5.71118,0.0,0.0,0.0
1263.0,966204000,5.81603,5.71118,5.67623,0.0,0.0,0.0
1264.0,966204900,5.71118,5.67623,5.71118,0.0,0.0,0.0
1265.0,966205800,5.67623,5.71118,5.81603,0.0,0.0,0.0
1266.0,966206700,5.71118,5.81603,6.09565,0.0,0.0,0.51399
1267.0,966207600,5.81603,6.09565,6.37527,0.0,0.51399,1.09222
1268.0,966208500,6.09565,6.37527,6.65489,0.51399,1.09222,1.73468
1269.0,966209400,6.37527,6.65489,6.9345,1.09222,1.73468,2.44138
1270.0,966210300,6.65489,6.9345,7.21412,1.73468,2.44138,3.25656
1271.0,966211200,6.9345,7.21412,7.49374,2.44138,3.25656,4.10648
1272.0,966212100,7.21412,7.49374,7.77335,3.25656,4.10648,4.99113
1273.0,966213000,7.49374,7.77335,8.05297,4.10648,4.99113,5.91052
1274.0,966213900,7.77335,8.05297,8.43744,4.99113,5.91052,5.42576
1275.0,966214800,8.05297,8.43744,8.75201,5.91052,5.42576,5.93499
1276.0,966215700,8.43744,8.75201,8.99668,5.42576,5.93499,7.43822
1277.0,966216600,8.75201,8.99668,9.17144,5.93499,7.43822,9.93544
1278.0,966217500,8.99668,9.17144,9.06658,7.43822,9.93544,18.2516
1279.0,966218400,9.17144,9.06658,9.03163,9.93544,18.2516,24.3451
1280.0,966219300,9.06658,9.03163,9.06658,18.2516,24.3451,28.216
1281.0,966220200,9.03163,9.06658,9.17144,24.3451,28.216,29.8643
1282.0,966221100,9.06658,9.17144,9.32523,28.216,29.8643,20.8771
1283.0,966222000,9.17144,9.32523,9.5629,29.8643,20.8771,15.2758
1284.0,966222900,9.32523,9.5629,9.88446,20.8771,15.2758,13.0604
1285.0,966223800,9.5629,9.88446,10.2899,15.2758,13.0604,14.2308
1286.0,966224700,9.88446,10.2899,11.2406,13.0604,14.2308,25.6468
1287.0,966225600,10.2899,11.2406,11.9676,14.2308,25.6468,35.8754
1288.0,966226500,11.2406,11.9676,12.4709,25.6468,35.8754,44.9169
1289.0,966227400,11.9676,12.4709,12.7505,35.8754,44.9169,52.771
1290.0,966228300,12.4709,12.7505,12.2612,44.9169,52.771,60.4904
1291.0,966229200,12.7505,12.2612,11.9117,52.771,60.4904,66.3209
1292.0,966230100,12.2612,11.9117,11.702,60.4904,66.3209,70.2623
1293.0,966231000,11.9117,11.702,11.6321,66.3209,70.2623,72.3147
1294.0,966231900,11.702,11.6321,11.702,70.2623,72.3147,69.0103
1295.0,966232800,11.6321,11.702,11.9117,72.3147,69.0103,66.1287
1296.0,966233700,11.702,11.9117,12.2612,69.0103,66.1287,63.6699
1297.0,966234600,11.9117,12.2612,12.7505,66.1287,63.6699,61.6339
1298.0,966235500,12.2612,12.7505,14.1137,63.6699,61.6339,62.644
1299.0,966236400,12.7505,14.1137,15.1273,61.6339,62.644,62.328
1300.0,966237300,14.1137,15.1273,15.7914,62.644,62.328,60.6858
1301.0,966238200,15.1273,15.7914,16.1059,62.328,60.6858,57.7174
1302.0,966239100,15.7914,16.1059,15.4419,60.6858,57.7174,50.0605
1303.0,966240000,16.1059,15.4419,14.8477,57.7174,50.0605,43.319
1304.0,966240900,15.4419,14.8477,14.3234,50.0605,43.319,37.4928
1305.0,966241800,14.8477,14.3234,13.869,43.319,37.4928,32.5819
1306.0,966242700,14.3234,13.869,13.4845,37.4928,32.5819,30.2911
1307.0,966243600,13.869,13.4845,13.17,32.5819,30.2911,27.7792
1308.0,966244500,13.4845,13.17,12.9253,30.2911,27.7792,25.046
1309.0,966245400,13.17,12.9253,12.7505,27.7792,25.046,22.0916
1310.0,966246300,12.9253,12.7505,13.2958,25.046,22.0916,17.2698
1311.0,966247200,12.7505,13.2958,13.4775,22.0916,17.2698,13.3243
1312.0,966248100,13.2958,13.4775,13.2958,17.2698,13.3243,10.2549
1313.0,966249000,13.4775,13.2958,12.7505,13.3243,10.2549,8.06172
1314.0,966249900,13.2958,12.7505,10.5416,10.2549,8.06172,8.43698
1315.0,966250800,12.7505,10.5416,8.8359,8.06172,8.43698,8.56027
1316.0,966251700,10.5416,8.8359,7.63355,8.43698,8.56027,8.43158
1317.0,966252600,8.8359,7.63355,6.9345,8.56027,8.43158,8.05091
1318.0,966253500,7.63355,6.9345,7.91316,8.43158,8.05091,6.97615
1319.0,966254400,6.9345,7.91316,8.6122,8.05091,6.97615,5.94416
1320.0,966255300,7.91316,8.6122,9.03163,6.97615,5.94416,4.95493
1321.0,966256200,8.6122,9.03163,9.17144,5.94416,4.95493,4.00848
1322.0,966257100,9.03163,9.17144,8.6122,4.95493,4.00848,2.91508
1323.0,966258000,9.17144,8.6122,8.05297,4.00848,2.91508,1.99092
1324.0,966258900,8.6122,8.05297,7.49374,2.91508,1.99092,1.236
1325.0,966259800,8.05297,7.49374,6.9345,1.99092,1.236,0.65032
1326.0,966260700,7.49374,6.9345,6.0607,1.236,0.65032,0.42677
1327.0,966261600,6.9345,6.0607,5.39661,0.65032,0.42677,0.24387
1328.0,966262500,6.0607,5.39661,4.94223,0.42677,0.24387,0.10161
1329.0,966263400,5.39661,4.94223,4.69757,0.24387,0.10161,0.0
1330.0,966264300,4.94223,4.69757,5.31272,0.10161,0.0,0.0
1331.0,966265200,4.69757,5.31272,5.70419,0.0,0.0,0.0
1332.0,966266100,5.31272,5.70419,5.87196,0.0,0.0,0.0
1333.0,966267000,5.70419,5.87196,5.81603,0.0,0.0,0.0
1334.0,966267900,5.87196,5.81603,4.97019,0.0,0.0,0.0
1335.0,966268800,5.81603,4.97019,4.27814,0.0,0.0,0.0
1336.0,966269700,4.97019,4.27814,3.73988,0.0,0.0,0.0
1337.0,966270600,4.27814,3.73988,3.3554,0.0,0.0,0.0
1338.0,966271500,3.73988,3.3554,3.12472,0.0,0.0,0.0
1339.0,966272400,3.3554,3.12472,3.04783,0.0,0.0,0.0
1340.0,966273300,3.12472,3.04783,3.12472,0.0,0.0,0.0
1341.0,966274200,3.04783,3.12472,3.3554,0.0,0.0,0.0
1342.0,966275100,3.12472,3.3554,4.20125,0.0,0.0,0.0
1343.0,966276000,3.3554,4.20125,4.8933,0.0,0.0,0.0
1344.0,966276900,4.20125,4.8933,5.43156,0.0,0.0,0.0
1345.0,966277800,4.8933,5.43156,5.81603,0.0,0.0,0.0
1346.0,966278700,5.43156,5.81603,5.71118,0.0,0.0,0.0
1347.0,966279600,5.81603,5.71118,5.67623,0.0,0.0,0.0
1348.0,966280500,5.71118,5.67623,5.71118,0.0,0.0,0.0
1349.0,966281400,5.67623,5.71118,5.81603,0.0,0.0,0.0
1350.0,966282300,5.71118,5.81603,6.30536,0.0,0.0,0.0
1351.0,966283200,5.81603,6.30536,6.65489,0.0,0.0,0.0
1352.0,966284100,6.30536,6.65489,6.8646,0.0,0.0,0.0
1353.0,966285000,6.65489,6.8646,6.9345,0.0,0.0,0.0
1354.0,966285900,6.8646,6.9345,6.55003,0.0,0.0,0.0
1355.0,966286800,6.9345,6.55003,6.23546,0.0,0.0,0.0
1356.0,966287700,6.55003,6.23546,5.9908,0.0,0.0,0.0
1357.0,966288600,6.23546,5.9908,5.81603,0.0,0.0,0.0
1358.0,966289500,5.9908,5.81603,5.71118,0.0,0.0,0.0
1359.0,966290400,5.81603,5.71118,5.67623,0.0,0.0,0.0
1360.0,966291300,5.71118,5.67623,5.71118,0.0,0.0,0.0
1361.0,966292200,5.67623,5.71118,5.81603,0.0,0.0,0.0
1362.0,966293100,5.71118,5.81603,6.09565,0.0,0.0,0.0
1363.0,966294000,5.81603,6.09565,6.37527,0.0,0.0,0.13597
1364.0,966294900,6.09565,6.37527,6.65489,0.0,0.13597,0.66886
1365.0,966295800,6.37527,6.65489,6.9345,0.13597,0.66886,1.51167
1366.0,966296700,6.65489,6.9345,7.42383,0.66886,1.51167,3.183
1367.0,966297600,6.9345,7.42383,7.77335,1.51167,3.183,4.81853
1368.0,966298500,7.42383,7.77335,7.98307,3.183,4.81853,6.41829
1369.0,966299400,7.77335,7.98307,8.05297,4.81853,6.41829,7.98226
1370.0,966300300,7.98307,8.05297,7.6685,6.41829,7.98226,9.03537
1371.0,966301200,8.05297,7.6685,7.35393,7.98226,9.03537,10.3694
1372.0,966302100,7.6685,7.35393,7.10926,9.03537,10.3694,11.9844
1373.0,966303000,7.35393,7.10926,6.9345,10.3694,11.9844,13.8803
1374.0,966303900,7.10926,6.9345,6.49411,11.9844,13.8803,16.0012
1375.0,966304800,6.9345,6.49411,6.34731,13.8803,16.0012,18.4404
1376.0,966305700,6.49411,6.34731,6.49411,16.0012,18.4404,21.1978
1377.0,966306600,6.34731,6.49411,6.9345,18.4404,21.1978,24.2734
1378.0,966307500,6.49411,6.9345,8.54929,21.1978,24.2734,27.6436
1379.0,966308400,6.9345,8.54929,9.87048,24.2734,27.6436,31.3478
1380.0,966309300,8.54929,9.87048,10.8981,27.6436,31.3478,35.3861
1381.0,966310200,9.87048,10.8981,11.6321,31.3478,35.3861,39.7585
1382.0,966311100,10.8981,11.6321,11.9676,35.3861,39.7585,46.0905
1383.0,966312000,11.6321,11.9676,12.0795,39.7585,46.0905,51.6728
1384.0,966312900,11.9676,12.0795,11.9676,46.0905,51.6728,56.5055
1385.0,966313800,12.0795,11.9676,11.6321,51.6728,56.5055,60.5886
1386.0,966314700,11.9676,11.6321,10.6115,56.5055,60.5886,64.2622
1387.0,966315600,11.6321,10.6115,9.67475,60.5886,64.2622,66.9594
1388.0,966316500,10.6115,9.67475,8.82192,64.2622,66.9594,68.68
1389.0,966317400,9.67475,8.82192,8.05297,66.9594,68.68,69.4241
1390.0,966318300,8.82192,8.05297,6.73877,68.68,69.4241,68.8839
1391.0,966319200,8.05297,6.73877,5.92788,69.4241,68.8839,67.5723
1392.0,966320100,6.73877,5.92788,5.6203,68.8839,67.5723,65.4894
1393.0,966321000,5.92788,5.6203,5.81603,67.5723,65.4894,62.6352
1394.0,966321900,5.6203,5.81603,8.36055,65.4894,62.6352,55.7016
1395.0,966322800,5.81603,8.36055,10.1781,62.6352,55.7016,50.202
1396.0,966323700,8.36055,10.1781,11.2686,55.7016,50.202,46.1364
1397.0,966324600,10.1781,11.2686,11.6321,50.202,46.1364,43.5049
1398.0,966325500,11.2686,11.6321,9.73766,46.1364,43.5049,46.3406
1399.0,966326400,11.6321,9.73766,8.13686,43.5049,46.3406,47.9216
1400.0,966327300,9.73766,8.13686,6.82965,46.3406,47.9216,48.2478
1401.0,966328200,8.13686,6.82965,5.81603,47.9216,48.2478,47.3193
1402.0,966329100,6.82965,5.81603,5.3267,48.2478,47.3193,42.8047
1403.0,966330000,5.81603,5.3267,4.97718,47.3193,42.8047,38.5896
1404.0,966330900,5.3267,4.97718,4.76747,42.8047,38.5896,34.6739
1405.0,966331800,4.97718,4.76747,4.69757,38.5896,34.6739,31.0577
1406.0,966332700,4.76747,4.69757,5.31272,34.6739,31.0577,28.2872
1407.0,966333600,4.69757,5.31272,5.70419,31.0577,28.2872,25.452
1408.0,966334500,5.31272,5.70419,5.87196,28.2872,25.452,22.552
1409.0,966335400,5.70419,5.87196,5.81603,25.452,22.552,19.5873
1410.0,966336300,5.87196,5.81603,4.63465,22.552,19.5873,15.6899
1411.0,966337200,5.81603,4.63465,3.83075,19.5873,15.6899,12.3063
1412.0,966338100,4.63465,3.83075,3.40434,15.6899,12.3063,9.43655
1413.0,966339000,3.83075,3.40434,3.3554,12.3063,9.43655,7.08063
1414.0,966339900,3.40434,3.3554,4.79543,9.43655,7.08063,5.81736
1415.0,966340800,3.3554,4.79543,5.87196,7.08063,5.81736,4.68204
1416.0,966341700,4.79543,5.87196,6.58498,5.81736,4.68204,3.6747
1417.0,966342600,5.87196,6.58498,6.9345,4.68204,3.6747,2.79531
1418.0,966343500,6.58498,6.9345,5.85099,3.6747,2.79531,2.07829
1419.0,966344400,6.9345,5.85099,5.11699,2.79531,2.07829,1.46631
1420.0,966345300,5.85099,5.11699,4.73252,2.07829,1.46631,0.95935
1421.0,966346200,5.11699,4.73252,4.69757,1.46631,0.95935,0.55742
1422.0,966347100,4.73252,4.69757,5.95584,0.95935,0.55742,0.36581
1423.0,966348000,4.69757,5.95584,6.9345,0.55742,0.36581,0.20903
1424.0,966348900,5.95584,6.9345,7.63355,0.36581,0.20903,0.0871
1425.0,966349800,6.9345,7.63355,8.05297,0.20903,0.0871,0.0
1426.0,966350700,7.63355,8.05297,7.56364,0.0871,0.0,0.0
1427.0,966351600,8.05297,7.56364,7.21412,0.0,0.0,0.0
1428.0,966352500,7.56364,7.21412,7.00441,0.0,0.0,0.0
1429.0,966353400,7.21412,7.00441,6.9345,0.0,0.0,0.0
1430.0,966354300,7.00441,6.9345,7.42383,0.0,0.0,0.0
1431.0,966355200,6.9345,7.42383,7.77335,0.0,0.0,0.0
1432.0,966356100,7.42383,7.77335,7.98307,0.0,0.0,0.0
1433.0,966357000,7.77335,7.98307,8.05297,0.0,0.0,0.0
1434.0,966357900,7.98307,8.05297,7.45878,0.0,0.0,0.0
1435.0,966358800,8.05297,7.45878,7.07431,0.0,0.0,0.0
1436.0,966359700,7.45878,7.07431,6.89955,0.0,0.0,0.0
1437.0,966360600,7.07431,6.89955,6.9345,0.0,0.0,0.0
1438.0,966361500,6.89955,6.9345,7.70345,0.0,0.0,0.0
1439.0,966362400,6.9345,7.70345,8.33259,0.0,0.0,0.0
1440.0,966363300,7.70345,8.33259,8.82192,0.0,0.0,0.0
1441.0,966364200,8.33259,8.82192,9.17144,0.0,0.0,0.0
1442.0,966365100,8.82192,9.17144,8.94075,0.0,0.0,0.0
1443.0,966366000,9.17144,8.94075,8.86386,0.0,0.0,0.0
1444.0,966366900,8.94075,8.86386,8.94075,0.0,0.0,0.0
1445.0,966367800,8.86386,8.94075,9.17144,0.0,0.0,0.0
1446.0,966368700,8.94075,9.17144,10.1431,0.0,0.0,0.0
1447.0,966369600,9.17144,10.1431,10.8771,0.0,0.0,0.0
1448.0,966370500,10.1431,10.8771,11.3734,0.0,0.0,0.0
1449.0,966371400,10.8771,11.3734,11.6321,0.0,0.0,0.0
1450.0,966372300,11.3734,11.6321,11.4853,0.0,0.0,0.0
1451.0,966373200,11.6321,11.4853,11.2126,0.0,0.0,0.0
1452.0,966374100,11.4853,11.2126,10.8142,0.0,0.0,0.0
1453.0,966375000,11.2126,10.8142,10.2899,0.0,0.0,0.0
1454.0,966375900,10.8142,10.2899,9.13649,0.0,0.0,0.0
1455.0,966376800,10.2899,9.13649,8.19278,0.0,0.0,0.0
1456.0,966377700,9.13649,8.19278,7.45878,0.0,0.0,0.0
1457.0,966378600,8.19278,7.45878,6.9345,0.0,0.0,0.0
1458.0,966379500,7.45878,6.9345,6.49411,0.0,0.0,0.05481
1459.0,966380400,6.9345,6.49411,6.34731,0.0,0.05481,0.23201
1460.0,966381300,6.49411,6.34731,6.49411,0.05481,0.23201,0.5316
1461.0,966382200,6.34731,6.49411,6.9345,0.23201,0.5316,0.95358
1462.0,966383100,6.49411,6.9345,8.98969,0.5316,0.95358,1.63814
1463.0,966384000,6.9345,8.98969,10.4577,0.95358,1.63814,2.35163
1464.0,966384900,8.98969,10.4577,11.3385,1.63814,2.35163,3.09405
1465.0,966385800,10.4577,11.3385,11.6321,2.35163,3.09405,3.86539
1466.0,966386700,11.3385,11.6321,9.91242,3.09405,3.86539,4.69199
1467.0,966387600,11.6321,9.91242,8.55628,3.86539,4.69199,5.52996
1468.0,966388500,9.91242,8.55628,7.56364,4.69199,5.52996,6.37932
1469.0,966389400,8.55628,7.56364,6.9345,5.52996,6.37932,7.24644
1470.0,966390300,7.56364,6.9345,7.42383,6.37932,7.24644,7.06644
1471.0,966391200,6.9345,7.42383,7.77335,7.24644,7.06644,7.59482
1472.0,966392100,7.42383,7.77335,7.98307,7.06644,7.59482,8.8316
1473.0,966393000,7.77335,7.98307,8.05297,7.59482,8.8316,10.7768
1474.0,966393900,7.98307,8.05297,7.6685,8.8316,10.7768,16.6964
1475.0,966394800,8.05297,7.6685,7.35393,10.7768,16.6964,21.1471
1476.0,966395700,7.6685,7.35393,7.10926,16.6964,21.1471,24.1287
1477.0,966396600,7.35393,7.10926,6.9345,21.1471,24.1287,25.6412
1478.0,966397500,7.10926,6.9345,7.14422,24.1287,25.6412,21.9309
1479.0,966398400,6.9345,7.14422,7.21412,25.6412,21.9309,19.2542
1480.0,966399300,7.14422,7.21412,7.14422,21.9309,19.2542,17.6109
1481.0,966400200,7.21412,7.14422,6.9345,19.2542,17.6109,17.0013
1482.0,966401100,7.14422,6.9345,6.0607,17.6109,17.0013,19.498
1483.0,966402000,6.9345,6.0607,5.39661,17.0013,19.498,21.6464
1484.0,966402900,6.0607,5.39661,4.94223,19.498,21.6464,23.4464
1485.0,966403800,5.39661,4.94223,4.69757,21.6464,23.4464,24.898
1486.0,966404700,4.94223,4.69757,5.08204,23.4464,24.898,25.679
1487.0,966405600,4.69757,5.08204,5.39661,24.898,25.679,26.3264
1488.0,966406500,5.08204,5.39661,5.64127,25.679,26.3264,26.8403
1489.0,966407400,5.39661,5.64127,5.81603,26.3264,26.8403,27.2206
1490.0,966408300,5.64127,5.81603,5.81603,26.8403,27.2206,28.3035
1491.0,966409200,5.81603,5.81603,5.81603,27.2206,28.3035,28.6954
1492.0,966410100,5.81603,5.81603,5.81603,28.3035,28.6954,28.3964
1493.0,966411000,5.81603,5.81603,5.81603,28.6954,28.3964,27.4064
1494.0,966411900,5.81603,5.81603,5.81603,28.3964,27.4064,24.1403
1495.0,966412800,5.81603,5.81603,5.81603,27.4064,24.1403,21.24
1496.0,966413700,5.81603,5.81603,5.81603,24.1403,21.24,18.7054
1497.0,966414600,5.81603,5.81603,5.81603,21.24,18.7054,16.5367
1498.0,966415500,5.81603,5.81603,5.50147,18.7054,16.5367,15.1606
1499.0,966416400,5.81603,5.50147,5.39661,16.5367,15.1606,13.8658
1500.0,966417300,5.50147,5.39661,5.50147,15.1606,13.8658,12.6522
1501.0,966418200,5.39661,5.50147,5.81603,13.8658,12.6522,11.52
1502.0,966419100,5.50147,5.81603,7.28402,12.6522,11.52,10.3993
1503.0,966420000,5.81603,7.28402,8.33259,11.52,10.3993,9.40643
1504.0,966420900,7.28402,8.33259,8.96173,10.3993,9.40643,8.54127
1505.0,966421800,8.33259,8.96173,9.17144,9.40643,8.54127,7.80386
1506.0,966422700,8.96173,9.17144,8.01802,8.54127,7.80386,7.60353
1507.0,966423600,9.17144,8.01802,7.07431,7.80386,7.60353,7.25805
1508.0,966424500,8.01802,7.07431,6.34032,7.60353,7.25805,6.76741
1509.0,966425400,7.07431,6.34032,5.81603,7.25805,6.76741,6.1316
1510.0,966426300,6.34032,5.81603,6.04672,6.76741,6.1316,4.93257
1511.0,966427200,5.81603,6.04672,6.12361,6.1316,4.93257,3.86709
1512.0,966428100,6.04672,6.12361,6.04672,4.93257,3.86709,2.93516
1513.0,966429000,6.12361,6.04672,5.81603,3.86709,2.93516,2.13677
1514.0,966429900,6.04672,5.81603,4.97019,2.93516,2.13677,1.52419
1515.0,966430800,5.81603,4.97019,4.27814,2.13677,1.52419,1.01032
1516.0,966431700,4.97019,4.27814,3.73988,1.52419,1.01032,0.59516
1517.0,966432600,4.27814,3.73988,3.3554,1.01032,0.59516,0.278709
1518.0,966433500,3.73988,3.3554,3.3554,0.59516,0.278709,0.182903
1519.0,966434400,3.3554,3.3554,3.3554,0.278709,0.182903,0.104516
1520.0,966435300,3.3554,3.3554,3.3554,0.182903,0.104516,0.0435483
1521.0,966436200,3.3554,3.3554,3.3554,0.104516,0.0435483,0.0
1522.0,966437100,3.3554,3.3554,3.3554,0.0435483,0.0,0.0
1523.0,966438000,3.3554,3.3554,3.3554,0.0,0.0,0.0
1524.0,966438900,3.3554,3.3554,3.3554,0.0,0.0,0.0
1525.0,966439800,3.3554,3.3554,3.3554,0.0,0.0,0.0
1526.0,966440700,3.3554,3.3554,3.12472,0.0,0.0,0.0
1527.0,966441600,3.3554,3.12472,3.04783,0.0,0.0,0.0
1528.0,966442500,3.12472,3.04783,3.12472,0.0,0.0,0.0
1529.0,966443400,3.04783,3.12472,3.3554,0.0,0.0,0.0
1530.0,966444300,3.12472,3.3554,4.43193,0.0,0.0,0.0
1531.0,966445200,3.3554,4.43193,5.20088,0.0,0.0,0.0
1532.0,966446100,4.43193,5.20088,5.66224,0.0,0.0,0.0
1533.0,966447000,5.20088,5.66224,5.81603,0.0,0.0,0.0
1534.0,966447900,5.66224,5.81603,5.28476,0.0,0.0,0.0
1535.0,966448800,5.81603,5.28476,4.69757,0.0,0.0,0.0
1536.0,966449700,5.28476,4.69757,4.05445,0.0,0.0,0.0
1537.0,966450600,4.69757,4.05445,3.3554,0.0,0.0,0.0
1538.0,966451500,4.05445,3.3554,2.20198,0.0,0.0,0.0
1539.0,966452400,3.3554,2.20198,1.25828,0.0,0.0,0.0
1540.0,966453300,2.20198,1.25828,0.524282,0.0,0.0,0.0
1541.0,966454200,1.25828,0.524282,0.0,0.0,0.0,0.0
1542.0,966455100,0.524282,0.0,0.0,0.0,0.0,0.0
1543.0,966456000,0.0,0.0,0.0,0.0,0.0,0.0
1544.0,966456900,0.0,0.0,0.0,0.0,0.0,0.0
1545.0,966457800,0.0,0.0,0.0,0.0,0.0,0.0
1546.0,966458700,0.0,0.0,0.0,0.0,0.0,0.0
1547.0,966459600,0.0,0.0,0.0,0.0,0.0,0.0
1548.0,966460500,0.0,0.0,0.0,0.0,0.0,0.0
1549.0,966461400,0.0,0.0,0.0,0.0,0.0,0.0
1550.0,966462300,0.0,0.0,0.81788,0.0,0.0,0.0
1551.0,966463200,0.0,0.81788,1.64974,0.0,0.0,0.0
1552.0,966464100,0.81788,1.64974,2.49558,0.0,0.0,0.0
1553.0,966465000,1.64974,2.49558,3.3554,0.0,0.0,0.0
1554.0,966465900,2.49558,3.3554,4.58572,0.0,0.0,0.0
1555.0,966466800,3.3554,4.58572,5.59234,0.0,0.0,0.0232258
1556.0,966467700,4.58572,5.59234,6.37527,0.0,0.0232258,0.50516
1557.0,966468600,5.59234,6.37527,6.9345,0.0232258,0.50516,1.30064
1558.0,966469500,6.37527,6.9345,6.9345,0.50516,1.30064,3.36774
1559.0,966470400,6.9345,6.9345,6.9345,1.30064,3.36774,5.10967
1560.0,966471300,6.9345,6.9345,6.9345,3.36774,5.10967,6.52644
1561.0,966472200,6.9345,6.9345,6.9345,5.10967,6.52644,7.61805
1562.0,966473100,6.9345,6.9345,6.82965,6.52644,7.61805,6.40741
1563.0,966474000,6.9345,6.82965,6.79469,7.61805,6.40741,6.18967
1564.0,966474900,6.82965,6.79469,6.82965,6.40741,6.18967,6.96482
1565.0,966475800,6.79469,6.82965,6.9345,6.18967,6.96482,8.73289
1566.0,966476700,6.82965,6.9345,6.98344,6.96482,8.73289,12.478
1567.0,966477600,6.9345,6.98344,7.18616,8.73289,12.478,16.56
1568.0,966478500,6.98344,7.18616,7.54267,12.478,16.56,20.9787
1569.0,966479400,7.18616,7.54267,8.05297,16.56,20.9787,25.7341
1570.0,966480300,7.54267,8.05297,9.82854,20.9787,25.7341,32.3506
1571.0,966481200,8.05297,9.82854,11.0169,25.7341,32.3506,38.2877
1572.0,966482100,9.82854,11.0169,11.6181,32.3506,38.2877,43.5454
1573.0,966483000,11.0169,11.6181,11.6321,38.2877,43.5454,48.1238
1574.0,966483900,11.6181,11.6321,9.52795,43.5454,48.1238,51.4654
1575.0,966484800,11.6321,9.52795,7.85724,48.1238,51.4654,54.4992
1576.0,966485700,9.52795,7.85724,6.61993,51.4654,54.4992,57.2254
1577.0,966486600,7.85724,6.61993,5.81603,54.4992,57.2254,59.6438
1578.0,966487500,6.61993,5.81603,6.30536,57.2254,59.6438,61.7021
1579.0,966488400,5.81603,6.30536,6.65489,59.6438,61.7021,63.4876
1580.0,966489300,6.30536,6.65489,6.8646,61.7021,63.4876,65.0002
1581.0,966490200,6.65489,6.8646,6.9345,63.4876,65.0002,66.2399
1582.0,966491100,6.8646,6.9345,6.23546,65.0002,66.2399,67.1457
1583.0,966492000,6.9345,6.23546,5.81603,66.2399,67.1457,67.8192
1584.0,966492900,6.23546,5.81603,5.67623,67.1457,67.8192,68.2605
1585.0,966493800,5.81603,5.67623,5.81603,67.8192,68.2605,68.4695
1586.0,966494700,5.67623,5.81603,6.8646,68.2605,68.4695,68.8644
1587.0,966495600,5.81603,6.8646,7.77335,68.4695,68.8644,68.7482
1588.0,966496500,6.8646,7.77335,8.5423,68.8644,68.7482,68.1212
1589.0,966497400,7.77335,8.5423,9.17144,68.7482,68.1212,66.9831
1590.0,966498300,8.5423,9.17144,9.01066,68.1212,66.9831,64.7854
1591.0,966499200,9.17144,9.01066,9.14348,66.9831,64.7854,62.4425
1592.0,966500100,9.01066,9.14348,9.56989,64.7854,62.4425,59.9544
1593.0,966501000,9.14348,9.56989,10.2899,62.4425,59.9544,57.3212
1594.0,966501900,9.56989,10.2899,12.2892,59.9544,57.3212,54.6473
1595.0,966502800,10.2899,12.2892,13.9249,57.3212,54.6473,51.7586
1596.0,966503700,12.2892,13.9249,15.1972,54.6473,51.7586,48.6551
1597.0,966504600,13.9249,15.1972,16.1059,51.7586,48.6551,45.3367
1598.0,966505500,15.1972,16.1059,16.2108,48.6551,45.3367,41.4289
1599.0,966506400,16.1059,16.2108,16.2457,45.3367,41.4289,37.5561
1600.0,966507300,16.2108,16.2457,16.2108,41.4289,37.5561,33.718
1601.0,966508200,16.2457,16.2108,16.1059,37.5561,33.718,29.9148
1602.0,966509100,16.2108,16.1059,15.6166,33.718,29.9148,25.7719
1603.0,966510000,16.1059,15.6166,15.2671,29.9148,25.7719,21.9135
1604.0,966510900,15.6166,15.2671,15.0574,25.7719,21.9135,18.3396
1605.0,966511800,15.2671,15.0574,14.9875,21.9135,18.3396,15.0503
1606.0,966512700,15.0574,14.9875,15.6865,18.3396,15.0503,11.9061
1607.0,966513600,14.9875,15.6865,16.1059,15.0503,11.9061,9.13934
1608.0,966514500,15.6865,16.1059,16.2457,11.9061,9.13934,6.74999
1609.0,966515400,16.1059,16.2457,16.1059,9.13934,6.74999,4.73806
1610.0,966516300,16.2457,16.1059,15.2881,6.74999,4.73806,3.31257
1611.0,966517200,16.1059,15.2881,14.4562,4.73806,3.31257,2.12516
1612.0,966518100,15.2881,14.4562,13.6104,3.31257,2.12516,1.1758
1613.0,966519000,14.4562,13.6104,12.7505,2.12516,1.1758,0.464515
1614.0,966519900,13.6104,12.7505,11.5202,1.1758,0.464515,0.304838
1615.0,966520800,12.7505,11.5202,10.5136,0.464515,0.304838,0.174193
1616.0,966521700,11.5202,10.5136,9.73067,0.304838,0.174193,0.0725805
1617.0,966522600,10.5136,9.73067,9.17144,0.174193,0.0725805,0.0
1618.0,966523500,9.73067,9.17144,9.17144,0.0725805,0.0,0.0
1619.0,966524400,9.17144,9.17144,9.17144,0.0,0.0,0.0
1620.0,966525300,9.17144,9.17144,9.17144,0.0,0.0,0.0
1621.0,966526200,9.17144,9.17144,9.17144,0.0,0.0,0.0
1622.0,966527100,9.17144,9.17144,9.17144,0.0,0.0,0.0
1623.0,966528000,9.17144,9.17144,9.17144,0.0,0.0,0.0
1624.0,966528900,9.17144,9.17144,9.17144,0.0,0.0,0.0
1625.0,966529800,9.17144,9.17144,9.17144,0.0,0.0,0.0
1626.0,966530700,9.17144,9.17144,8.94075,0.0,0.0,0.0
1627.0,966531600,9.17144,8.94075,8.86386,0.0,0.0,0.0
1628.0,966532500,8.94075,8.86386,8.94075,0.0,0.0,0.0
1629.0,966533400,8.86386,8.94075,9.17144,0.0,0.0,0.0
1630.0,966534300,8.94075,9.17144,10.248,0.0,0.0,0.0
1631.0,966535200,9.17144,10.248,11.0169,0.0,0.0,0.0
1632.0,966536100,10.248,11.0169,11.4783,0.0,0.0,0.0
1633.0,966537000,11.0169,11.4783,11.6321,0.0,0.0,0.0
1634.0,966537900,11.4783,11.6321,11.1008,0.0,0.0,0.0
1635.0,966538800,11.6321,11.1008,10.5136,0.0,0.0,0.0
1636.0,966539700,11.1008,10.5136,9.87048,0.0,0.0,0.0
1637.0,966540600,10.5136,9.87048,9.17144,0.0,0.0,0.0
1638.0,966541500,9.87048,9.17144,7.70345,0.0,0.0,0.0
1639.0,966542400,9.17144,7.70345,6.65489,0.0,0.0,0.0
1640.0,966543300,7.70345,6.65489,6.02575,0.0,0.0,0.0
1641.0,966544200,6.65489,6.02575,5.81603,0.0,0.0,0.0
1642.0,966545100,6.02575,5.81603,7.82928,0.0,0.0,0.0
1643.0,966546000,5.81603,7.82928,9.05959,0.0,0.0,0.0
1644.0,966546900,7.82928,9.05959,9.50698,0.0,0.0,0.0
1645.0,966547800,9.05959,9.50698,9.17144,0.0,0.0,0.0
1646.0,966548700,9.50698,9.17144,5.57836,0.0,0.0,0.0
1647.0,966549600,9.17144,5.57836,2.85209,0.0,0.0,0.0
1648.0,966550500,5.57836,2.85209,0.99264,0.0,0.0,0.0
1649.0,966551400,2.85209,0.99264,0.0,0.0,0.0,0.0
1650.0,966552300,0.99264,0.0,1.50993,0.0,0.0,0.116129
1651.0,966553200,0.0,1.50993,2.79617,0.0,0.116129,0.60387
1652.0,966554100,1.50993,2.79617,3.85872,0.116129,0.60387,1.46322
1653.0,966555000,2.79617,3.85872,4.69757,0.60387,1.46322,2.69419
1654.0,966555900,3.85872,4.69757,4.97718,1.46322,2.69419,4.40128
1655.0,966556800,4.69757,4.97718,5.2568,2.69419,4.40128,6.41031
1656.0,966557700,4.97718,5.2568,5.53642,4.40128,6.41031,8.72127
1657.0,966558600,5.2568,5.53642,5.81603,6.41031,8.72127,11.3342
1658.0,966559500,5.53642,5.81603,6.53605,8.72127,11.3342,14.3709
1659.0,966560400,5.81603,6.53605,6.96246,11.3342,14.3709,17.6284
1660.0,966561300,6.53605,6.96246,7.09528,14.3709,17.6284,21.1064
1661.0,966562200,6.96246,7.09528,6.9345,17.6284,21.1064,24.8051
1662.0,966563100,7.09528,6.9345,5.36865,21.1064,24.8051,29.4212
1663.0,966564000,6.9345,5.36865,4.25018,24.8051,29.4212,33.7935
1664.0,966564900,5.36865,4.25018,3.5791,29.4212,33.7935,37.9219
1665.0,966565800,4.25018,3.5791,3.3554,33.7935,37.9219,41.8064
1666.0,966566700,3.5791,3.3554,4.48086,37.9219,41.8064,45.386
1667.0,966567600,3.3554,4.48086,5.45253,41.8064,45.386,48.7625
1668.0,966568500,4.48086,5.45253,6.27041,45.386,48.7625,51.9357
1669.0,966569400,5.45253,6.27041,6.9345,48.7625,51.9357,54.9057
1670.0,966570300,6.27041,6.9345,7.52869,51.9357,54.9057,57.4286
1671.0,966571200,6.9345,7.52869,7.91316,54.9057,57.4286,59.9108
1672.0,966572100,7.52869,7.91316,8.08792,57.4286,59.9108,62.3525
1673.0,966573000,7.91316,8.08792,8.05297,59.9108,62.3525,64.7534
1674.0,966573900,8.08792,8.05297,7.07431,62.3525,64.7534,67.7321
1675.0,966574800,8.05297,7.07431,6.37527,64.7534,67.7321,70.2579
1676.0,966575700,7.07431,6.37527,5.95584,67.7321,70.2579,72.3308
1677.0,966576600,6.37527,5.95584,5.81603,70.2579,72.3308,73.9508
1678.0,966577500,5.95584,5.81603,6.48012,72.3308,73.9508,74.9263
1679.0,966578400,5.81603,6.48012,7.07431,73.9508,74.9263,75.5766
1680.0,966579300,6.48012,7.07431,7.59859,74.9263,75.5766,75.9018
1681.0,966580200,7.07431,7.59859,8.05297,75.5766,75.9018,75.9018
1682.0,966581100,7.59859,8.05297,8.43744,75.9018,75.9018,75.4286
1683.0,966582000,8.05297,8.43744,8.75201,75.9018,75.4286,74.7289
1684.0,966582900,8.43744,8.75201,8.99668,75.4286,74.7289,73.8028
1685.0,966583800,8.75201,8.99668,9.17144,74.7289,73.8028,72.6502
1686.0,966584700,8.99668,9.17144,8.94075,73.8028,72.6502,71.6544
1687.0,966585600,9.17144,8.94075,8.86386,72.6502,71.6544,70.1766
1688.0,966586500,8.94075,8.86386,8.94075,71.6544,70.1766,68.217
1689.0,966587400,8.86386,8.94075,9.17144,70.1766,68.217,65.7754
1690.0,966588300,8.94075,9.17144,10.5625,68.217,65.7754,62.3205
1691.0,966589200,9.17144,10.5625,11.4363,65.7754,62.3205,58.7379
1692.0,966590100,10.5625,11.4363,11.7928,62.3205,58.7379,55.0276
1693.0,966591000,11.4363,11.7928,11.6321,58.7379,55.0276,51.1896
1694.0,966591900,11.7928,11.6321,9.63281,55.0276,51.1896,46.9625
1695.0,966592800,11.6321,9.63281,7.99705,51.1896,46.9625,42.7818
1696.0,966593700,9.63281,7.99705,6.72479,46.9625,42.7818,38.6477
1697.0,966594600,7.99705,6.72479,5.81603,42.7818,38.6477,34.5599
1698.0,966595500,6.72479,5.81603,5.81603,38.6477,34.5599,30.6232
1699.0,966596400,5.81603,5.81603,5.81603,34.5599,30.6232,26.6632
1700.0,966597300,5.81603,5.81603,5.81603,30.6232,26.6632,22.68
1701.0,966598200,5.81603,5.81603,5.81603,26.6632,22.68,18.6735
1702.0,966599100,5.81603,5.81603,5.81603,22.68,18.6735,13.2938
1703.0,966600000,5.81603,5.81603,5.81603,18.6735,13.2938,8.79095
1704.0,966600900,5.81603,5.81603,5.81603,13.2938,8.79095,5.16483
1705.0,966601800,5.81603,5.81603,5.81603,8.79095,5.16483,2.41548
1706.0,966602700,5.81603,5.81603,5.71118,5.16483,2.41548,1.66645
1707.0,966603600,5.81603,5.71118,5.67623,2.41548,1.66645,1.04516
1708.0,966604500,5.71118,5.67623,5.71118,1.66645,1.04516,0.551612
1709.0,966605400,5.67623,5.71118,5.81603,1.04516,0.551612,0.185806
1710.0,966606300,5.71118,5.81603,6.41022,0.551612,0.185806,0.121935
1711.0,966607200,5.81603,6.41022,6.79469,0.185806,0.121935,0.0696773
1712.0,966608100,6.41022,6.79469,6.96945,0.121935,0.0696773,0.0290322
1713.0,966609000,6.79469,6.96945,6.9345,0.0696773,0.0290322,0.0
1714.0,966609900,6.96945,6.9345,6.0607,0.0290322,0.0,0.0
1715.0,966610800,6.9345,6.0607,5.39661,0.0,0.0,0.0
1716.0,966611700,6.0607,5.39661,4.94223,0.0,0.0,0.0
1717.0,966612600,5.39661,4.94223,4.69757,0.0,0.0,0.0
1718.0,966613500,4.94223,4.69757,5.08204,0.0,0.0,0.0
1719.0,966614400,4.69757,5.08204,5.39661,0.0,0.0,0.0
1720.0,966615300,5.08204,5.39661,5.64127,0.0,0.0,0.0
1721.0,966616200,5.39661,5.64127,5.81603,0.0,0.0,0.0
1722.0,966617100,5.64127,5.81603,5.60632,0.0,0.0,0.0
1723.0,966618000,5.81603,5.60632,5.53642,0.0,0.0,0.0
1724.0,966618900,5.60632,5.53642,5.60632,0.0,0.0,0.0
1725.0,966619800,5.53642,5.60632,5.81603,0.0,0.0,0.0
1726.0,966620700,5.60632,5.81603,6.58498,0.0,0.0,0.0
1727.0,966621600,5.81603,6.58498,7.21412,0.0,0.0,0.0
1728.0,966622500,6.58498,7.21412,7.70345,0.0,0.0,0.0
1729.0,966623400,7.21412,7.70345,8.05297,0.0,0.0,0.0
1730.0,966624300,7.70345,8.05297,7.94811,0.0,0.0,0.0
1731.0,966625200,8.05297,7.94811,7.91316,0.0,0.0,0.0
1732.0,966626100,7.94811,7.91316,7.94811,0.0,0.0,0.0
1733.0,966627000,7.91316,7.94811,8.05297,0.0,0.0,0.0
1734.0,966627900,7.94811,8.05297,8.75201,0.0,0.0,0.0
1735.0,966628800,8.05297,8.75201,9.17144,0.0,0.0,0.0
1736.0,966629700,8.75201,9.17144,9.31125,0.0,0.0,0.0
1737.0,966630600,9.17144,9.31125,9.17144,0.0,0.0,0.0
1738.0,966631500,9.31125,9.17144,7.91316,0.0,0.0,0.0
1739.0,966632400,9.17144,7.91316,6.9345,0.0,0.0,0.0
1740.0,966633300,7.91316,6.9345,6.23546,0.0,0.0,0.0
1741.0,966634200,6.9345,6.23546,5.81603,0.0,0.0,0.0
1742.0,966635100,6.23546,5.81603,6.09565,0.0,0.0,0.0
1743.0,966636000,5.81603,6.09565,6.37527,0.0,0.0,0.0
1744.0,966636900,6.09565,6.37527,6.65489,0.0,0.0,0.0
1745.0,966637800,6.37527,6.65489,6.9345,0.0,0.0,0.0
1746.0,966638700,6.65489,6.9345,7.52869,0.0,0.0,0.0174193
1747.0,966639600,6.9345,7.52869,7.91316,0.0,0.0174193,0.16258
1748.0,966640500,7.52869,7.91316,8.08792,0.0174193,0.16258,0.435483
1749.0,966641400,7.91316,8.08792,8.05297,0.16258,0.435483,0.836127
1750.0,966642300,8.08792,8.05297,7.07431,0.435483,0.836127,1.6258
1751.0,966643200,8.05297,7.07431,6.37527,0.836127,1.6258,2.36903
1752.0,966644100,7.07431,6.37527,5.95584,1.6258,2.36903,3.0658
1753.0,966645000,6.37527,5.95584,5.81603,2.36903,3.0658,3.71612
1754.0,966645900,5.95584,5.81603,6.79469,3.0658,3.71612,3.70161
1755.0,966646800,5.81603,6.79469,7.49374,3.71612,3.70161,4.0529
1756.0,966647700,6.79469,7.49374,7.91316,3.70161,4.0529,4.76999
1757.0,966648600,7.49374,7.91316,8.05297,4.0529,4.76999,5.85289
1758.0,966649500,7.91316,8.05297,6.8646,4.76999,5.85289,7.73708
1759.0,966650400,8.05297,6.8646,6.09565,5.85289,7.73708,9.69675
1760.0,966651300,6.8646,6.09565,5.74613,7.73708,9.69675,11.7319
1761.0,966652200,6.09565,5.74613,5.81603,9.69675,11.7319,13.8426
1762.0,966653100,5.74613,5.81603,7.45878,11.7319,13.8426,16.9171
1763.0,966654000,5.81603,7.45878,8.75201,13.8426,16.9171,19.4748
1764.0,966654900,7.45878,8.75201,9.69572,16.9171,19.4748,21.5158
1765.0,966655800,8.75201,9.69572,10.2899,19.4748,21.5158,23.04
1766.0,966656700,9.69572,10.2899,9.90543,21.5158,23.04,22.41
1767.0,966657600,10.2899,9.90543,9.59086,23.04,22.41,22.3548
1768.0,966658500,9.90543,9.59086,9.3462,22.41,22.3548,22.8745
1769.0,966659400,9.59086,9.3462,9.17144,22.3548,22.8745,23.969
1770.0,966660300,9.3462,9.17144,9.2763,22.8745,23.969,27.598
1771.0,966661200,9.17144,9.2763,9.31125,23.969,27.598,30.4954
1772.0,966662100,9.2763,9.31125,9.2763,27.598,30.4954,32.6612
1773.0,966663000,9.31125,9.2763,9.17144,30.4954,32.6612,34.0954
1774.0,966663900,9.2763,9.17144,8.78697,32.6612,34.0954,33.2564
1775.0,966664800,9.17144,8.78697,8.4724,34.0954,33.2564,32.7135
1776.0,966665700,8.78697,8.4724,8.22773,33.2564,32.7135,32.4667
1777.0,966666600,8.4724,8.22773,8.05297,32.7135,32.4667,32.5161
1778.0,966667500,8.22773,8.05297,8.15783,32.4667,32.5161,34.4467
1779.0,966668400,8.05297,8.15783,8.19278,32.5161,34.4467,35.6167
1780.0,966669300,8.15783,8.19278,8.15783,34.4467,35.6167,36.0261
1781.0,966670200,8.19278,8.15783,8.05297,35.6167,36.0261,35.6748
1782.0,966671100,8.15783,8.05297,7.6685,36.0261,35.6748,33.0125
1783.0,966672000,8.05297,7.6685,7.35393,35.6748,33.0125,30.6232
1784.0,966672900,7.6685,7.35393,7.10926,33.0125,30.6232,28.5067
1785.0,966673800,7.35393,7.10926,6.9345,30.6232,28.5067,26.6632
1786.0,966674700,7.10926,6.9345,7.03936,28.5067,26.6632,25.6848
1787.0,966675600,6.9345,7.03936,7.07431,26.6632,25.6848,24.5845
1788.0,966676500,7.03936,7.07431,7.03936,25.6848,24.5845,23.3622
1789.0,966677400,7.07431,7.03936,6.9345,24.5845,23.3622,22.018
1790.0,966678300,7.03936,6.9345,6.55003,23.3622,22.018,20.6129
1791.0,966679200,6.9345,6.55003,6.23546,22.018,20.6129,19.0451
1792.0,966680100,6.55003,6.23546,5.9908,20.6129,19.0451,17.3148
1793.0,966681000,6.23546,5.9908,5.81603,19.0451,17.3148,15.4219
1794.0,966681900,5.9908,5.81603,5.81603,17.3148,15.4219,12.6
1795.0,966682800,5.81603,5.81603,5.81603,15.4219,12.6,10.1264
1796.0,966683700,5.81603,5.81603,5.81603,12.6,10.1264,8.00127
1797.0,966684600,5.81603,5.81603,5.81603,10.1264,8.00127,6.2245
1798.0,966685500,5.81603,5.81603,5.81603,8.00127,6.2245,5.20547
1799.0,966686400,5.81603,5.81603,5.81603,6.2245,5.20547,4.26193
1800.0,966687300,5.81603,5.81603,5.81603,5.20547,4.26193,3.39386
1801.0,966688200,5.81603,5.81603,5.81603,4.26193,3.39386,2.60129
1802.0,966689100,5.81603,5.81603,5.81603,3.39386,2.60129,1.78838
1803.0,966690000,5.81603,5.81603,5.81603,2.60129,1.78838,1.11484
1804.0,966690900,5.81603,5.81603,5.81603,1.78838,1.11484,0.580644
1805.0,966691800,5.81603,5.81603,5.81603,1.11484,0.580644,0.185806
1806.0,966692700,5.81603,5.81603,5.50147,0.580644,0.185806,0.121935
1807.0,966693600,5.81603,5.50147,5.39661,0.185806,0.121935,0.0696773
1808.0,966694500,5.50147,5.39661,5.50147,0.121935,0.0696773,0.0290322
1809.0,966695400,5.39661,5.50147,5.81603,0.0696773,0.0290322,0.0
1810.0,966696300,5.50147,5.81603,7.17917,0.0290322,0.0,0.0
1811.0,966697200,5.81603,7.17917,8.19278,0.0,0.0,0.0
1812.0,966698100,7.17917,8.19278,8.85687,0.0,0.0,0.0
1813.0,966699000,8.19278,8.85687,9.17144,0.0,0.0,0.0
1814.0,966699900,8.85687,9.17144,8.08792,0.0,0.0,0.0
1815.0,966700800,9.17144,8.08792,7.35393,0.0,0.0,0.0
1816.0,966701700,8.08792,7.35393,6.96945,0.0,0.0,0.0
1817.0,966702600,7.35393,6.96945,6.9345,0.0,0.0,0.0
1818.0,966703500,6.96945,6.9345,8.19278,0.0,0.0,0.0
1819.0,966704400,6.9345,8.19278,9.17144,0.0,0.0,0.0
1820.0,966705300,8.19278,9.17144,9.87048,0.0,0.0,0.0
1821.0,966706200,9.17144,9.87048,10.2899,0.0,0.0,0.0
1822.0,966707100,9.87048,10.2899,10.0103,0.0,0.0,0.0
1823.0,966708000,10.2899,10.0103,9.73067,0.0,0.0,0.0
1824.0,966708900,10.0103,9.73067,9.45106,0.0,0.0,0.0
